{
  "workload": "toondb_vector",
  "timestamp": "2025-12-27T16:01:16.031274",
  "config": {
    "num_vectors": 50000,
    "num_queries": 2000,
    "dimension": 128,
    "M": 16,
    "ef_construction": 100,
    "ef_search": 64,
    "k": 10
  },
  "insert": {
    "total_s": 41.389776624999996,
    "rate_vec_per_s": 1208.0277807007856,
    "p50_ms": 0.951148,
    "p95_ms": 1.205709,
    "p99_ms": 1.399609
  },
  "search": {
    "total_s": 1.935912291000001,
    "qps": 1033.1046552563053,
    "p50_ms": 0.944959,
    "p95_ms": 1.235958,
    "p99_ms": 1.392125,
    "p999_ms": 1.716833,
    "mean_ms": 0.966700514
  }
}