id1,id4,v2
1,id1,11.99397
2,id2,62.508489
3,id3,36.256578
4,id4,6.491267
5,id5,47.409548
6,id6,38.814233
7,id7,66.23204
8,id8,14.872366
9,id9,45.365477
10,id10,11.244417
