{
  "timestamp": 1769219830.46524,
  "server": "localhost:50051",
  "all_passed": true,
  "duration_ms": 33.04290771484375
}